{"cameraMode":{"drawMode":0,"name":"Shaded","section":"Shading Mode"},"sceneLighting":false,"audioPlay":false,"sceneViewState":{"showFog":false,"showMaterialUpdate":false,"showSkybox":false,"showFlares":false,"showImageEffects":false,"showParticleSystems":false},"in2DMode":false,"pivot":{"x":7.2448930740356449,"y":-9.593772888183594,"z":0.46389198303222659},"rotation":{"x":0.022945841774344446,"y":-0.9766740202903748,"z":0.16413578391075135,"w":0.13653747737407685},"size":11.533607482910157,"orthographic":false}