{"cameraMode":{"drawMode":0,"name":"Shaded","section":"Shading Mode"},"sceneLighting":false,"audioPlay":false,"sceneViewState":{"showFog":false,"showMaterialUpdate":false,"showSkybox":false,"showFlares":false,"showImageEffects":false,"showParticleSystems":false},"in2DMode":false,"pivot":{"x":26.984769821166993,"y":5.700813293457031,"z":52.721031188964847},"rotation":{"x":-0.4070855677127838,"y":-0.1423710286617279,"z":0.06440209597349167,"w":-0.8999264240264893},"size":19.06801414489746,"orthographic":false}