{"cameraMode":{"drawMode":0,"name":"Shaded","section":"Shading Mode"},"sceneLighting":false,"audioPlay":false,"sceneViewState":{"showFog":false,"showMaterialUpdate":false,"showSkybox":false,"showFlares":false,"showImageEffects":false,"showParticleSystems":false},"in2DMode":false,"pivot":{"x":-3.9861669540405275,"y":-10.904120445251465,"z":1.215283989906311},"rotation":{"x":-0.24306736886501313,"y":0.6262945532798767,"z":-0.21473850309848786,"w":-0.7089175581932068},"size":11.9552583694458,"orthographic":false}